config,target,seed,status,tm_vs_exp,rmsd_vs_exp,tm_vs_ref,rmsd_vs_ref,ptm,iptm,plddt,affinity_value,affinity_prob,wall_s,peak_mem_gib,device,precision_used
3060-default,abl_imatinib,0,ok,0.9122,0.58,1.0,0.01,0.9473581314086914,0.9748427271842957,0.9510804414749146,-0.4683777093887329,0.6138655543327332,281.22,3.824,NVIDIA GeForce RTX 3060,?@-
3060-default,abl_imatinib,1,ok,0.9086,0.72,1.0,0.01,0.9514185786247253,0.9772439002990723,0.9553993344306946,-0.5296912789344788,0.6279429197311401,181.53,3.824,NVIDIA GeForce RTX 3060,?@-
3060-default,abl_imatinib,2,ok,0.911,0.66,1.0,0.01,0.9574471712112427,0.9785522222518921,0.9548747539520264,-0.47519466280937195,0.616451621055603,175.58,3.824,NVIDIA GeForce RTX 3060,?@-
3060-default,abl_imatinib,3,ok,0.9082,0.75,1.0,0.01,0.9546301960945129,0.9781222939491272,0.9556018710136414,-0.5641962885856628,0.6248296499252319,176.24,3.824,NVIDIA GeForce RTX 3060,?@-
3060-default,abl_imatinib,4,ok,0.9101,0.65,1.0,0.01,0.9507322907447815,0.9767406582832336,0.9554294347763062,-0.5510746240615845,0.6204892992973328,176.89,3.824,NVIDIA GeForce RTX 3060,?@-
3060-default,mpro_paxlovid,0,ok,0.9991,0.19,1.0,0.0,0.9937525391578674,0.9926056861877441,0.9890938401222229,-2.479893207550049,0.9986104369163513,296.37,8.486,NVIDIA GeForce RTX 3060,?@-
3060-default,mpro_paxlovid,1,ok,0.9991,0.19,1.0,0.0,0.993506669998169,0.9922897219657898,0.989063560962677,-2.465822219848633,0.9986395835876465,292.43,8.486,NVIDIA GeForce RTX 3060,?@-
3060-default,mpro_paxlovid,2,ok,0.9991,0.19,1.0,0.0,0.9936334490776062,0.9924051761627197,0.9890619516372681,-2.497023105621338,0.9986860752105713,294.22,8.486,NVIDIA GeForce RTX 3060,?@-
3060-default,mpro_paxlovid,3,ok,0.9991,0.19,1.0,0.0,0.9935429096221924,0.9922100305557251,0.9891265034675598,-2.461945056915283,0.9986139535903931,291.03,8.486,NVIDIA GeForce RTX 3060,?@-
3060-default,mpro_paxlovid,4,ok,0.9992,0.18,1.0,0.01,0.9938361048698425,0.9927528500556946,0.9890058636665344,-2.4616353511810303,0.9986169338226318,292.28,8.486,NVIDIA GeForce RTX 3060,?@-
3060-default,sod1,0,ok,0.9907,0.69,1.0,0.0,0.9687739014625549,0.0,0.9675044417381287,,,62.62,2.712,NVIDIA GeForce RTX 3060,?@-
3060-default,sod1,1,ok,0.9909,0.68,1.0,0.0,0.9690826535224915,0.0,0.9684527516365051,,,63.61,2.712,NVIDIA GeForce RTX 3060,?@-
3060-default,sod1,2,ok,0.9896,0.72,1.0,0.0,0.9675412774085999,0.0,0.9654601216316223,,,63.4,2.712,NVIDIA GeForce RTX 3060,?@-
3060-default,sod1,3,ok,0.9911,0.67,1.0,0.0,0.9675191044807434,0.0,0.9676588773727417,,,63.29,2.712,NVIDIA GeForce RTX 3060,?@-
3060-default,sod1,4,ok,0.9921,0.66,1.0,0.0,0.9659011960029602,0.0,0.9675370454788208,,,63.0,2.712,NVIDIA GeForce RTX 3060,?@-
3060-default,vim1_blind,0,ok,0.99,0.83,1.0,0.02,0.95383220911026,0.0,0.9604431390762329,,,68.17,3.069,NVIDIA GeForce RTX 3060,?@-
3060-default,vim1_blind,1,ok,0.9962,0.36,1.0,0.0,0.9551893472671509,0.0,0.9591020345687866,,,69.93,3.069,NVIDIA GeForce RTX 3060,?@-
3060-default,vim1_blind,2,ok,0.9916,0.68,1.0,0.01,0.9560567140579224,0.0,0.9608033895492554,,,68.63,3.069,NVIDIA GeForce RTX 3060,?@-
3060-default,vim1_blind,3,ok,0.9926,0.68,1.0,0.0,0.9558214545249939,0.0,0.961007297039032,,,73.08,3.069,NVIDIA GeForce RTX 3060,?@-
3060-default,vim1_blind,4,ok,0.9941,0.63,1.0,0.01,0.9540300965309143,0.0,0.9589163661003113,,,67.84,3.069,NVIDIA GeForce RTX 3060,?@-
3060-fp32,abl_imatinib,0,ok,0.9122,0.58,1.0,0.0,0.9459887146949768,0.9743228554725647,0.9509311318397522,-0.4728209376335144,0.6157068014144897,193.6,4.134,NVIDIA GeForce RTX 3060,?@-
3060-fp32,abl_imatinib,1,ok,0.9086,0.72,1.0,0.01,0.9505734443664551,0.9768630266189575,0.9559805393218994,-0.510898768901825,0.6270534992218018,187.44,4.134,NVIDIA GeForce RTX 3060,?@-
3060-fp32,abl_imatinib,2,ok,0.911,0.65,1.0,0.01,0.9572860598564148,0.9787126779556274,0.9552639722824097,-0.4798218607902527,0.6156519055366516,186.62,4.134,NVIDIA GeForce RTX 3060,?@-
3060-fp32,abl_imatinib,3,ok,0.9083,0.75,1.0,0.03,0.9527978897094727,0.9768891334533691,0.9554010629653931,-0.589354395866394,0.6288743615150452,188.91,4.134,NVIDIA GeForce RTX 3060,?@-
3060-fp32,abl_imatinib,4,ok,0.9101,0.65,1.0,0.01,0.9500445127487183,0.9764079451560974,0.9556365013122559,-0.544183611869812,0.6196079254150391,187.03,4.134,NVIDIA GeForce RTX 3060,?@-
3060-fp32,mpro_paxlovid,0,"no structure written (boltz skipped the input, e.g. out of memory)",,,,,,,,,,48.26,8.317,NVIDIA GeForce RTX 3060,?@-
3060-fp32,mpro_paxlovid,1,"no structure written (boltz skipped the input, e.g. out of memory)",,,,,,,,,,49.16,8.317,NVIDIA GeForce RTX 3060,?@-
3060-fp32,mpro_paxlovid,2,"no structure written (boltz skipped the input, e.g. out of memory)",,,,,,,,,,48.25,8.317,NVIDIA GeForce RTX 3060,?@-
3060-fp32,mpro_paxlovid,3,"no structure written (boltz skipped the input, e.g. out of memory)",,,,,,,,,,47.72,8.317,NVIDIA GeForce RTX 3060,?@-
3060-fp32,mpro_paxlovid,4,"no structure written (boltz skipped the input, e.g. out of memory)",,,,,,,,,,48.07,8.317,NVIDIA GeForce RTX 3060,?@-
3060-fp32,sod1,0,ok,0.9906,0.69,1.0,0.0,0.9691377282142639,0.0,0.9673981070518494,,,65.24,3.033,NVIDIA GeForce RTX 3060,?@-
3060-fp32,sod1,1,ok,0.9909,0.68,1.0,0.0,0.9685211181640625,0.0,0.968459963798523,,,70.56,3.033,NVIDIA GeForce RTX 3060,?@-
3060-fp32,sod1,2,ok,0.9896,0.72,1.0,0.0,0.9678846001625061,0.0,0.9656130075454712,,,65.4,3.033,NVIDIA GeForce RTX 3060,?@-
3060-fp32,sod1,3,ok,0.991,0.67,1.0,0.0,0.9672935009002686,0.0,0.9673635363578796,,,64.19,3.033,NVIDIA GeForce RTX 3060,?@-
3060-fp32,sod1,4,ok,0.9921,0.66,1.0,0.0,0.9661911725997925,0.0,0.967513918876648,,,65.63,3.033,NVIDIA GeForce RTX 3060,?@-
3060-fp32,vim1_blind,0,ok,0.99,0.83,1.0,0.03,0.9545593857765198,0.0,0.9604595899581909,,,74.75,3.433,NVIDIA GeForce RTX 3060,?@-
3060-fp32,vim1_blind,1,ok,0.9962,0.36,1.0,0.0,0.9555268287658691,0.0,0.9591155052185059,,,74.01,3.433,NVIDIA GeForce RTX 3060,?@-
3060-fp32,vim1_blind,2,ok,0.9916,0.68,1.0,0.01,0.9559510350227356,0.0,0.9607019424438477,,,75.22,3.433,NVIDIA GeForce RTX 3060,?@-
3060-fp32,vim1_blind,3,ok,0.9926,0.69,1.0,0.01,0.9553892016410828,0.0,0.9612774848937988,,,73.01,3.433,NVIDIA GeForce RTX 3060,?@-
3060-fp32,vim1_blind,4,ok,0.9941,0.63,1.0,0.01,0.9537250995635986,0.0,0.9589474201202393,,,75.01,3.433,NVIDIA GeForce RTX 3060,?@-
a5000-default,abl_imatinib,0,ok,0.9122,0.58,,,0.9466400742530823,0.9740738868713379,0.950295090675354,-0.4659988582134247,0.6126413345336914,109.17,3.824,NVIDIA RTX A5000,bf16-mixed@cuda
a5000-default,abl_imatinib,1,ok,0.9086,0.72,,,0.9516081213951111,0.9775116443634033,0.9553946852684021,-0.5042533874511719,0.6254952549934387,104.0,3.824,NVIDIA RTX A5000,bf16-mixed@cuda
a5000-default,abl_imatinib,2,ok,0.911,0.65,,,0.9586652517318726,0.9794933199882507,0.9552896618843079,-0.4736291170120239,0.6149617433547974,104.4,3.824,NVIDIA RTX A5000,bf16-mixed@cuda
a5000-default,abl_imatinib,3,ok,0.9082,0.75,,,0.9538978934288025,0.9772267937660217,0.9552997946739197,-0.5711409449577332,0.6263896226882935,104.67,3.824,NVIDIA RTX A5000,bf16-mixed@cuda
a5000-default,abl_imatinib,4,ok,0.91,0.65,,,0.947056770324707,0.975199818611145,0.9554324150085449,-0.5545251369476318,0.6230138540267944,104.91,3.824,NVIDIA RTX A5000,bf16-mixed@cuda
a5000-default,mpro_paxlovid,0,ok,0.9991,0.19,,,0.9938604235649109,0.9926990270614624,0.9890769720077515,-2.477961540222168,0.9986135363578796,164.75,8.486,NVIDIA RTX A5000,bf16-mixed@cuda
a5000-default,mpro_paxlovid,1,ok,0.9991,0.19,,,0.9935683608055115,0.9922692179679871,0.9890336990356445,-2.4658730030059814,0.9986563324928284,164.19,8.486,NVIDIA RTX A5000,bf16-mixed@cuda
a5000-default,mpro_paxlovid,2,ok,0.9991,0.19,,,0.9936076402664185,0.9923588037490845,0.9890605807304382,-2.484903573989868,0.9986734390258789,164.07,8.486,NVIDIA RTX A5000,bf16-mixed@cuda
a5000-default,mpro_paxlovid,3,ok,0.9991,0.19,,,0.9937252402305603,0.9924542903900146,0.9891294240951538,-2.464277744293213,0.9986153841018677,164.68,8.486,NVIDIA RTX A5000,bf16-mixed@cuda
a5000-default,mpro_paxlovid,4,ok,0.9992,0.18,,,0.9936738610267639,0.9925163984298706,0.9889798760414124,-2.44608998298645,0.9986112117767334,164.28,8.486,NVIDIA RTX A5000,bf16-mixed@cuda
a5000-default,sod1,0,ok,0.9906,0.69,,,0.9687440395355225,0.0,0.9674716591835022,,,43.31,2.712,NVIDIA RTX A5000,bf16-mixed@cuda
a5000-default,sod1,1,ok,0.9909,0.68,,,0.9683631062507629,0.0,0.9684144854545593,,,43.2,2.712,NVIDIA RTX A5000,bf16-mixed@cuda
a5000-default,sod1,2,ok,0.9896,0.72,,,0.9676544666290283,0.0,0.9655906558036804,,,43.05,2.712,NVIDIA RTX A5000,bf16-mixed@cuda
a5000-default,sod1,3,ok,0.991,0.67,,,0.9679359197616577,0.0,0.9675967693328857,,,42.94,2.712,NVIDIA RTX A5000,bf16-mixed@cuda
a5000-default,sod1,4,ok,0.9921,0.66,,,0.9664444327354431,0.0,0.9675611853599548,,,43.06,2.712,NVIDIA RTX A5000,bf16-mixed@cuda
a5000-default,vim1_blind,0,ok,0.99,0.83,,,0.9530833959579468,0.0,0.9604429006576538,,,45.51,3.069,NVIDIA RTX A5000,bf16-mixed@cuda
a5000-default,vim1_blind,1,ok,0.9962,0.36,,,0.9562276601791382,0.0,0.958882212638855,,,46.12,3.069,NVIDIA RTX A5000,bf16-mixed@cuda
a5000-default,vim1_blind,2,ok,0.9916,0.68,,,0.9563016891479492,0.0,0.9606752395629883,,,45.75,3.069,NVIDIA RTX A5000,bf16-mixed@cuda
a5000-default,vim1_blind,3,ok,0.9926,0.68,,,0.9553139805793762,0.0,0.9612519145011902,,,45.5,3.069,NVIDIA RTX A5000,bf16-mixed@cuda
a5000-default,vim1_blind,4,ok,0.9941,0.63,,,0.9535633325576782,0.0,0.9588843584060669,,,45.66,3.069,NVIDIA RTX A5000,bf16-mixed@cuda
a5000-fp32,abl_imatinib,0,ok,0.9122,0.58,1.0,0.0,0.9459908604621887,0.9742985367774963,0.9509323835372925,-0.47281163930892944,0.6157064437866211,112.11,4.134,NVIDIA RTX A5000,32-true@None
a5000-fp32,abl_imatinib,1,ok,0.9086,0.72,1.0,0.01,0.9505730271339417,0.9768618941307068,0.9559810757637024,-0.5108993053436279,0.6270536780357361,112.28,4.134,NVIDIA RTX A5000,32-true@None
a5000-fp32,abl_imatinib,2,ok,0.911,0.65,1.0,0.01,0.9572860598564148,0.9787126779556274,0.9552639722824097,-0.47978895902633667,0.6157047748565674,112.64,4.134,NVIDIA RTX A5000,32-true@None
a5000-fp32,abl_imatinib,3,ok,0.9083,0.75,1.0,0.03,0.9527978897094727,0.9768891334533691,0.9554010629653931,-0.5894278287887573,0.6289225816726685,112.66,4.134,NVIDIA RTX A5000,32-true@None
a5000-fp32,abl_imatinib,4,ok,0.9101,0.65,1.0,0.01,0.9500447511672974,0.9764198064804077,0.9556348323822021,-0.5441974997520447,0.6196538209915161,112.37,4.134,NVIDIA RTX A5000,32-true@None
a5000-fp32,mpro_paxlovid,0,ok,0.9991,0.19,1.0,0.0,0.9936960935592651,0.9924733638763428,0.9891025424003601,-2.4756062030792236,0.9986052513122559,211.44,13.401,NVIDIA RTX A5000,32-true@None
a5000-fp32,mpro_paxlovid,1,ok,0.9991,0.19,1.0,0.0,0.9936614036560059,0.9923698902130127,0.9890745878219604,-2.4712939262390137,0.9986557960510254,211.57,13.401,NVIDIA RTX A5000,32-true@None
a5000-fp32,mpro_paxlovid,2,ok,0.9991,0.19,1.0,0.0,0.9936844110488892,0.992445170879364,0.9890798926353455,-2.469782590866089,0.9986794590950012,211.71,13.401,NVIDIA RTX A5000,32-true@None
a5000-fp32,mpro_paxlovid,3,ok,0.9991,0.19,1.0,0.0,0.9936364889144897,0.9923896789550781,0.989145815372467,-2.4642934799194336,0.9986165761947632,211.41,13.401,NVIDIA RTX A5000,32-true@None
a5000-fp32,mpro_paxlovid,4,ok,0.9992,0.18,1.0,0.01,0.993815004825592,0.992712140083313,0.9890112280845642,-2.465437173843384,0.9986151456832886,211.99,13.401,NVIDIA RTX A5000,32-true@None
a5000-fp32,sod1,0,ok,0.9906,0.69,1.0,0.0,0.9691363573074341,0.0,0.9673959016799927,,,44.32,3.033,NVIDIA RTX A5000,32-true@None
a5000-fp32,sod1,1,ok,0.9909,0.68,1.0,0.0,0.968521237373352,0.0,0.9684599041938782,,,43.92,3.033,NVIDIA RTX A5000,32-true@None
a5000-fp32,sod1,2,ok,0.9896,0.72,1.0,0.0,0.9678847193717957,0.0,0.9656130075454712,,,43.95,3.033,NVIDIA RTX A5000,32-true@None
a5000-fp32,sod1,3,ok,0.991,0.67,1.0,0.0,0.9672935009002686,0.0,0.9673636555671692,,,44.11,3.033,NVIDIA RTX A5000,32-true@None
a5000-fp32,sod1,4,ok,0.9921,0.66,1.0,0.0,0.9661911725997925,0.0,0.9675140380859375,,,43.97,3.033,NVIDIA RTX A5000,32-true@None
a5000-fp32,vim1_blind,0,ok,0.99,0.83,1.0,0.03,0.9545593857765198,0.0,0.9604595899581909,,,47.89,3.433,NVIDIA RTX A5000,32-true@None
a5000-fp32,vim1_blind,1,ok,0.9962,0.36,1.0,0.0,0.9555240869522095,0.0,0.9591150283813477,,,47.92,3.433,NVIDIA RTX A5000,32-true@None
a5000-fp32,vim1_blind,2,ok,0.9916,0.68,1.0,0.01,0.9559509754180908,0.0,0.960702121257782,,,48.38,3.433,NVIDIA RTX A5000,32-true@None
a5000-fp32,vim1_blind,3,ok,0.9926,0.69,1.0,0.01,0.9553892016410828,0.0,0.9612774848937988,,,48.16,3.433,NVIDIA RTX A5000,32-true@None
a5000-fp32,vim1_blind,4,ok,0.9941,0.63,1.0,0.01,0.9537250399589539,0.0,0.958947479724884,,,48.19,3.433,NVIDIA RTX A5000,32-true@None
b70-default,abl_imatinib,0,ok,0.9122,0.58,1.0,0.01,0.9469479918479919,0.9745820760726929,0.9506826400756836,-0.4876295030117035,0.614282488822937,113.31,3.818,Intel(R) Arc(TM) Pro B70 Graphics,bf16-mixed@xpu
b70-default,abl_imatinib,1,ok,0.9086,0.72,1.0,0.0,0.9517306685447693,0.9768325090408325,0.9556306004524231,-0.5143296718597412,0.6269447803497314,113.92,3.818,Intel(R) Arc(TM) Pro B70 Graphics,bf16-mixed@xpu
b70-default,abl_imatinib,2,ok,0.911,0.66,1.0,0.01,0.9530788660049438,0.9771032929420471,0.9541939496994019,-0.47200968861579895,0.6156686544418335,113.11,3.818,Intel(R) Arc(TM) Pro B70 Graphics,bf16-mixed@xpu
b70-default,abl_imatinib,3,ok,0.9082,0.75,1.0,0.01,0.9533397555351257,0.9770254492759705,0.9553372859954834,-0.5793516635894775,0.62684166431427,113.76,3.818,Intel(R) Arc(TM) Pro B70 Graphics,bf16-mixed@xpu
b70-default,abl_imatinib,4,ok,0.9101,0.65,1.0,0.01,0.9496744871139526,0.9762006402015686,0.955417811870575,-0.5713857412338257,0.6263222098350525,113.28,3.818,Intel(R) Arc(TM) Pro B70 Graphics,bf16-mixed@xpu
b70-default,mpro_paxlovid,0,ok,0.9991,0.19,1.0,0.02,0.9937198758125305,0.9925205707550049,0.9890782237052917,-2.464834690093994,0.9985992908477783,202.65,5.336,Intel(R) Arc(TM) Pro B70 Graphics,bf16-mixed@xpu
b70-default,mpro_paxlovid,1,ok,0.9991,0.19,1.0,0.0,0.9935134649276733,0.9922631978988647,0.9890599250793457,-2.472301721572876,0.9986569881439209,202.03,5.336,Intel(R) Arc(TM) Pro B70 Graphics,bf16-mixed@xpu
b70-default,mpro_paxlovid,2,ok,0.9991,0.19,1.0,0.0,0.9936495423316956,0.9923804402351379,0.9890386462211609,-2.4944095611572266,0.9986855983734131,201.18,5.336,Intel(R) Arc(TM) Pro B70 Graphics,bf16-mixed@xpu
b70-default,mpro_paxlovid,3,ok,0.9991,0.19,1.0,0.0,0.993446946144104,0.9921132326126099,0.9891365170478821,-2.4654335975646973,0.9986188411712646,201.95,5.336,Intel(R) Arc(TM) Pro B70 Graphics,bf16-mixed@xpu
b70-default,mpro_paxlovid,4,ok,0.9992,0.18,1.0,0.0,0.9937716126441956,0.9926711916923523,0.9889981746673584,-2.4542665481567383,0.9986134767532349,202.14,5.336,Intel(R) Arc(TM) Pro B70 Graphics,bf16-mixed@xpu
b70-default,sod1,0,ok,0.9907,0.69,1.0,0.0,0.9691622853279114,0.0,0.9674664735794067,,,52.41,2.702,Intel(R) Arc(TM) Pro B70 Graphics,bf16-mixed@xpu
b70-default,sod1,1,ok,0.9909,0.68,1.0,0.0,0.9686728119850159,0.0,0.968339204788208,,,52.39,2.702,Intel(R) Arc(TM) Pro B70 Graphics,bf16-mixed@xpu
b70-default,sod1,2,ok,0.9896,0.72,1.0,0.0,0.9680419564247131,0.0,0.9656072854995728,,,52.04,2.702,Intel(R) Arc(TM) Pro B70 Graphics,bf16-mixed@xpu
b70-default,sod1,3,ok,0.991,0.67,1.0,0.0,0.967621922492981,0.0,0.9669607877731323,,,52.49,2.702,Intel(R) Arc(TM) Pro B70 Graphics,bf16-mixed@xpu
b70-default,sod1,4,ok,0.9921,0.66,1.0,0.01,0.9665740132331848,0.0,0.9672669172286987,,,52.29,2.702,Intel(R) Arc(TM) Pro B70 Graphics,bf16-mixed@xpu
b70-default,vim1_blind,0,ok,0.99,0.83,1.0,0.02,0.954982340335846,0.0,0.960517168045044,,,56.43,3.061,Intel(R) Arc(TM) Pro B70 Graphics,bf16-mixed@xpu
b70-default,vim1_blind,1,ok,0.9962,0.36,1.0,0.0,0.9556064009666443,0.0,0.9589096903800964,,,56.33,3.061,Intel(R) Arc(TM) Pro B70 Graphics,bf16-mixed@xpu
b70-default,vim1_blind,2,ok,0.9916,0.68,1.0,0.01,0.9560716152191162,0.0,0.9608351588249207,,,56.35,3.061,Intel(R) Arc(TM) Pro B70 Graphics,bf16-mixed@xpu
b70-default,vim1_blind,3,ok,0.9926,0.68,1.0,0.0,0.9553629755973816,0.0,0.961215078830719,,,56.42,3.061,Intel(R) Arc(TM) Pro B70 Graphics,bf16-mixed@xpu
b70-default,vim1_blind,4,ok,0.9941,0.63,1.0,0.01,0.9535555243492126,0.0,0.9590268135070801,,,56.25,3.061,Intel(R) Arc(TM) Pro B70 Graphics,bf16-mixed@xpu
b70-fp32,abl_imatinib,0,ok,0.9122,0.58,1.0,0.0,0.9459814429283142,0.9743151068687439,0.9509302973747253,-0.47183680534362793,0.6153608560562134,114.3,4.125,Intel(R) Arc(TM) Pro B70 Graphics,?@-
b70-fp32,abl_imatinib,1,ok,0.9086,0.72,1.0,0.01,0.9504597187042236,0.9768202304840088,0.9559165835380554,-0.5108996629714966,0.6270537376403809,114.62,4.125,Intel(R) Arc(TM) Pro B70 Graphics,?@-
b70-fp32,abl_imatinib,2,ok,0.911,0.65,1.0,0.01,0.9572861790657043,0.9787125587463379,0.9552639722824097,-0.47982078790664673,0.6157140731811523,114.4,4.125,Intel(R) Arc(TM) Pro B70 Graphics,?@-
b70-fp32,abl_imatinib,3,ok,0.9083,0.75,1.0,0.03,0.9528001546859741,0.9768898487091064,0.9554010629653931,-0.5902872085571289,0.6289370059967041,115.04,4.125,Intel(R) Arc(TM) Pro B70 Graphics,?@-
b70-fp32,abl_imatinib,4,ok,0.9101,0.65,1.0,0.01,0.9500447511672974,0.9764198064804077,0.9556348323822021,-0.5441983938217163,0.6196540594100952,114.96,4.125,Intel(R) Arc(TM) Pro B70 Graphics,?@-
b70-fp32,mpro_paxlovid,0,ok,0.9991,0.19,1.0,0.0,0.9936960339546204,0.9924733638763428,0.9891025424003601,-2.475606918334961,0.9986052513122559,219.27,7.111,Intel(R) Arc(TM) Pro B70 Graphics,?@-
b70-fp32,mpro_paxlovid,1,ok,0.9991,0.19,1.0,0.0,0.9936621785163879,0.9923713207244873,0.9890748262405396,-2.4712939262390137,0.9986557960510254,219.51,7.111,Intel(R) Arc(TM) Pro B70 Graphics,?@-
b70-fp32,mpro_paxlovid,2,ok,0.9991,0.19,1.0,0.0,0.9936845898628235,0.9924453496932983,0.9890798926353455,-2.469782590866089,0.9986794590950012,219.2,7.111,Intel(R) Arc(TM) Pro B70 Graphics,?@-
b70-fp32,mpro_paxlovid,3,ok,0.9991,0.19,1.0,0.0,0.9936364889144897,0.9923896789550781,0.9891459345817566,-2.464296340942383,0.9986166954040527,219.55,7.111,Intel(R) Arc(TM) Pro B70 Graphics,?@-
b70-fp32,mpro_paxlovid,4,ok,0.9992,0.18,1.0,0.01,0.9938148856163025,0.9927121996879578,0.9890112280845642,-2.4654369354248047,0.9986151456832886,218.74,7.111,Intel(R) Arc(TM) Pro B70 Graphics,?@-
b70-fp32,sod1,0,ok,0.9906,0.69,1.0,0.0,0.9691363573074341,0.0,0.9673958420753479,,,51.67,3.025,Intel(R) Arc(TM) Pro B70 Graphics,?@-
b70-fp32,sod1,1,ok,0.9909,0.68,1.0,0.0,0.968521237373352,0.0,0.9684599041938782,,,51.3,3.025,Intel(R) Arc(TM) Pro B70 Graphics,?@-
b70-fp32,sod1,2,ok,0.9896,0.72,1.0,0.0,0.9678847193717957,0.0,0.9656130075454712,,,51.56,3.025,Intel(R) Arc(TM) Pro B70 Graphics,?@-
b70-fp32,sod1,3,ok,0.991,0.67,1.0,0.0,0.9672935605049133,0.0,0.9673636555671692,,,51.14,3.025,Intel(R) Arc(TM) Pro B70 Graphics,?@-
b70-fp32,sod1,4,ok,0.9921,0.66,1.0,0.0,0.9661911725997925,0.0,0.9675140380859375,,,51.56,3.025,Intel(R) Arc(TM) Pro B70 Graphics,?@-
b70-fp32,vim1_blind,0,ok,0.99,0.83,1.0,0.03,0.9545593857765198,0.0,0.9604595899581909,,,56.45,3.425,Intel(R) Arc(TM) Pro B70 Graphics,?@-
b70-fp32,vim1_blind,1,ok,0.9962,0.36,1.0,0.0,0.955524206161499,0.0,0.9591150283813477,,,56.26,3.425,Intel(R) Arc(TM) Pro B70 Graphics,?@-
b70-fp32,vim1_blind,2,ok,0.9916,0.68,1.0,0.01,0.955950915813446,0.0,0.9607021808624268,,,55.79,3.425,Intel(R) Arc(TM) Pro B70 Graphics,?@-
b70-fp32,vim1_blind,3,ok,0.9926,0.69,1.0,0.01,0.9552956223487854,0.0,0.961277425289154,,,56.13,3.425,Intel(R) Arc(TM) Pro B70 Graphics,?@-
b70-fp32,vim1_blind,4,ok,0.9941,0.63,1.0,0.01,0.9537250995635986,0.0,0.958947479724884,,,56.05,3.425,Intel(R) Arc(TM) Pro B70 Graphics,?@-
